{"accuracy": [0.737333357334137, 0.8595166802406311, 0.8852999806404114, 0.8966500163078308, 0.9067833423614502, 0.9135500192642212, 0.9225333333015442, 0.9261999726295471, 0.932533323764801, 0.9381333589553833, 0.9430333375930786, 0.946316659450531, 0.9523500204086304, 0.9550333619117737, 0.9580833315849304, 0.9623666405677795, 0.9657333493232727, 0.9692333340644836, 0.9698833227157593, 0.9725499749183655], "loss": [0.7110602259635925, 0.3961748778820038, 0.32459816336631775, 0.28891220688819885, 0.2581354081630707, 0.2392999231815338, 0.21542610228061676, 0.20416317880153656, 0.1848515421152115, 0.16987203061580658, 0.1585657298564911, 0.14287568628787994, 0.1287902295589447, 0.120852530002594, 0.11126785725355148, 0.10084076970815659, 0.09188409149646759, 0.08086482435464859, 0.07826297730207443, 0.07189740985631943], "val_accuracy": [0.8306000232696533, 0.8744000196456909, 0.8938999772071838, 0.9013000130653381, 0.9042999744415283, 0.9035000205039978, 0.911899983882904, 0.9165999889373779, 0.9164000153541565, 0.9203000068664551, 0.9185000061988831, 0.9182000160217285, 0.9217000007629395, 0.9235000014305115, 0.9222000241279602, 0.9204999804496765, 0.9175999760627747, 0.9194999933242798, 0.9150999784469604, 0.9187999963760376], "val_loss": [0.444759339094162, 0.3426063358783722, 0.29712608456611633, 0.27949777245521545, 0.2750970125198364, 0.2662073075771332, 0.2492944896221161, 0.24621745944023132, 0.23597759008407593, 0.23710107803344727, 0.24467480182647705, 0.24939791858196259, 0.25364652276039124, 0.24678367376327515, 0.2627248466014862, 0.27778640389442444, 0.2893971800804138, 0.31093311309814453, 0.33137741684913635, 0.32396596670150757]}