{"accuracy": [0.832854151725769, 0.8847291469573975, 0.8990208506584167, 0.9071041941642761, 0.9128749966621399, 0.9161041378974915, 0.9203958511352539, 0.9244166612625122, 0.9277291893959045, 0.9301041960716248, 0.9349374771118164, 0.93729168176651, 0.9422083497047424, 0.9426249861717224, 0.9426666498184204, 0.94510418176651, 0.9471874833106995, 0.9521041512489319, 0.9530208110809326, 0.9548333287239075], "loss": [0.46873265504837036, 0.32374143600463867, 0.2820030152797699, 0.2608545124530792, 0.2433709353208542, 0.2284398376941681, 0.21777278184890747, 0.20782169699668884, 0.20124293863773346, 0.1905876249074936, 0.17929568886756897, 0.1743987798690796, 0.16106143593788147, 0.15760527551174164, 0.15451458096504211, 0.14928117394447327, 0.14449943602085114, 0.1317773461341858, 0.12919120490550995, 0.12019915878772736], "val_accuracy": [0.875, 0.8840833306312561, 0.8951666951179504, 0.9012500047683716, 0.8982499837875366, 0.9052500128746033, 0.8979166746139526, 0.9078333377838135, 0.909166693687439, 0.9039999842643738, 0.9043333530426025, 0.9044166803359985, 0.9074166417121887, 0.909416675567627, 0.9108333587646484, 0.9013333320617676, 0.9103333353996277, 0.909583330154419, 0.9130833148956299, 0.9155833125114441], "val_loss": [0.3508721888065338, 0.31589317321777344, 0.2933444380760193, 0.27286195755004883, 0.30754733085632324, 0.280426025390625, 0.2897392213344574, 0.2918914556503296, 0.2926953136920929, 0.2860855162143707, 0.2933964431285858, 0.28087902069091797, 0.27625322341918945, 0.2933140993118286, 0.3002149760723114, 0.3536877930164337, 0.31366977095603943, 0.2929442226886749, 0.31025320291519165, 0.3129701614379883]}